date,warehouse_id,product_id,current_stock,temperature,temp_alert,low_stock_alert,anomaly_score,is_anomaly
2024-03-10,W01,P0030,988,18.0399458359176,0,0,-1,1
2024-11-03,W01,P0030,906,17.505048207046364,0,0,-1,1
2025-05-25,W01,P0030,187,16.000571126397404,0,0,-1,1
2024-04-28,W01,P0005,214,17.779345890094827,0,0,-1,1
2024-08-25,W01,P0005,982,18.519185511594937,0,0,-1,1
2024-09-29,W01,P0005,969,18.36347176996769,0,0,-1,1
2025-07-20,W01,P0005,995,24.97335711308636,0,0,-1,1
2025-09-07,W01,P0005,754,17.776142479750813,0,0,-1,1
2025-11-23,W01,P0005,1,24.291375971093608,0,1,-1,1
2024-05-05,W01,P0014,891,18.061011594419742,0,0,-1,1
2024-06-09,W01,P0014,970,25.57195278856604,1,0,-1,1
2024-12-15,W01,P0014,21,18.56928391331529,0,1,-1,1
2025-01-05,W01,P0014,16,25.65553800272738,1,1,-1,1
2025-02-09,W01,P0014,589,17.441718899679195,0,0,-1,1
2025-06-15,W01,P0014,679,27.158791550130424,1,0,-1,1
2025-07-06,W01,P0014,940,18.37925574782004,0,0,-1,1
2024-01-21,W01,P0040,183,27.79059937577599,1,0,-1,1
2024-02-11,W01,P0040,748,16.65833568462451,0,0,-1,1
2024-12-29,W01,P0040,63,18.27365183746864,0,1,-1,1
2025-01-05,W01,P0040,993,26.82679193350216,1,0,-1,1
2025-08-24,W01,P0040,973,18.65488459537349,0,0,-1,1
2025-09-07,W01,P0040,282,27.55117393329225,1,0,-1,1
2025-11-16,W01,P0040,445,17.252784183802458,0,0,-1,1
2024-07-14,W01,P0024,748,17.479470196387055,0,0,-1,1
2024-11-17,W01,P0024,261,27.29950503257509,1,0,-1,1
2024-12-08,W01,P0024,925,18.21818597882862,0,0,-1,1
2025-01-26,W01,P0024,379,17.33284318105039,0,0,-1,1
2025-08-17,W01,P0024,51,25.55518636008896,1,1,-1,1
2025-11-23,W01,P0024,362,28.15357370022813,1,0,-1,1
2024-02-11,W01,P0001,165,26.143191852660507,1,0,-1,1
2024-11-03,W01,P0001,65,26.07673034613328,1,1,-1,1
2025-06-01,W01,P0001,43,18.59352555517289,0,1,-1,1
2024-03-03,W01,P0015,704,16.685401328175445,0,0,-1,1
2025-01-05,W01,P0015,647,27.061264186612465,1,0,-1,1
2025-03-23,W01,P0015,900,27.235792945782343,1,0,-1,1
2025-08-10,W01,P0015,862,27.094012620658987,1,0,-1,1
2025-08-31,W01,P0015,190,17.998687190409456,0,0,-1,1
2024-01-14,W01,P0025,132,26.603389902560657,1,0,-1,1
2024-04-07,W01,P0025,229,26.349753412574984,1,0,-1,1
2025-04-06,W01,P0025,238,27.171184781624188,1,0,-1,1
2025-08-24,W01,P0025,186,17.635739980004587,0,0,-1,1
2024-07-14,W01,P0035,8,24.81593508292632,0,1,-1,1
2024-11-24,W01,P0035,840,17.19653206103833,0,0,-1,1
2024-12-08,W01,P0035,7,25.74604812456082,1,1,-1,1
2025-02-16,W01,P0035,141,17.846054552319067,0,0,-1,1
2025-05-25,W01,P0035,987,18.99605957023086,0,0,-1,1
2025-09-28,W01,P0035,778,26.32590735569923,1,0,-1,1
2024-03-24,W01,P0041,766,27.86085213780347,1,0,-1,1
2025-05-04,W01,P0041,338,26.504312533800714,1,0,-1,1
2024-02-04,W01,P0007,842,16.874384025878797,0,0,-1,1
2024-03-10,W01,P0007,992,25.506357854854105,1,0,-1,1
2025-01-12,W01,P0007,153,18.00973054904611,0,0,-1,1
2025-07-06,W01,P0007,18,17.626344825917165,0,1,-1,1
2025-09-14,W01,P0007,94,18.218459775080284,0,1,-1,1
2024-08-04,W01,P0002,178,16.671716307238455,0,0,-1,1
2024-10-06,W01,P0002,73,28.920246971824863,1,1,-1,1
2024-10-13,W01,P0002,28,18.036917017870778,0,1,-1,1
2024-10-27,W01,P0002,1,18.4131656532068,0,1,-1,1
2025-05-11,W01,P0002,852,18.003052452488383,0,0,-1,1
2024-01-14,W01,P0003,840,16.41869492409435,0,0,-1,1
2025-06-08,W01,P0003,750,17.575022085406726,0,0,-1,1
2025-06-29,W01,P0003,923,17.116149327431124,0,0,-1,1
2025-10-12,W01,P0003,3,18.77929704954967,0,1,-1,1
2025-11-02,W01,P0003,729,26.76765214448453,1,0,-1,1
2024-11-17,W01,P0008,967,18.080034954785724,0,0,-1,1
2025-01-05,W01,P0008,846,27.01169610605658,1,0,-1,1
2025-09-07,W01,P0008,253,26.620978928304023,1,0,-1,1
2025-10-19,W01,P0008,468,27.040613032350475,1,0,-1,1
2024-09-29,W01,P0047,121,17.520811348876308,0,0,-1,1
2024-12-15,W01,P0047,94,25.81715235201344,1,1,-1,1
2025-07-06,W01,P0047,56,17.505305562603777,0,1,-1,1
2025-09-28,W01,P0047,162,17.53575215373875,0,0,-1,1
2025-11-16,W01,P0047,882,17.51722553658142,0,0,-1,1
2024-01-14,W01,P0010,804,26.034598150606584,1,0,-1,1
2024-02-11,W01,P0010,66,27.54522256621124,1,1,-1,1
2024-07-21,W01,P0010,53,25.552530780800463,1,1,-1,1
2024-09-08,W01,P0010,36,18.50999398460913,0,1,-1,1
2025-10-26,W01,P0010,709,17.559020654670405,0,0,-1,1
2025-11-23,W01,P0010,769,26.606089396173388,1,0,-1,1
2024-03-31,W01,P0042,24,17.239583552486838,0,1,-1,1
2024-07-28,W01,P0042,763,17.688493823229944,0,0,-1,1
2024-12-22,W01,P0042,768,16.952169838741813,0,0,-1,1
2025-07-06,W01,P0042,5,18.089336103958114,0,1,-1,1
2024-09-01,W01,P0043,173,18.08643347328864,0,0,-1,1
2024-11-10,W01,P0043,611,17.46832636842894,0,0,-1,1
2025-03-30,W01,P0043,0,24.5482766718996,0,1,-1,1
2025-08-03,W01,P0043,387,27.298892219422573,1,0,-1,1
2025-11-30,W01,P0043,568,17.42230014824922,0,0,-1,1
2024-06-23,W01,P0045,727,26.69895917585598,1,0,-1,1
2024-09-29,W01,P0045,929,17.920113787070363,0,0,-1,1
2024-10-27,W01,P0045,78,27.16869384293844,1,1,-1,1
2024-11-10,W01,P0045,871,17.215638016365148,0,0,-1,1
2024-12-15,W01,P0045,315,26.78036183216553,1,0,-1,1
2025-03-09,W01,P0045,750,26.491336865228185,1,0,-1,1
2025-06-22,W01,P0045,834,17.840631087305038,0,0,-1,1
2025-09-07,W01,P0045,892,17.317950189055622,0,0,-1,1
2024-01-21,W01,P0029,253,26.467161250752422,1,0,-1,1
2024-02-18,W01,P0029,17,17.78234456547918,0,1,-1,1
2024-04-14,W01,P0029,463,26.592047903099267,1,0,-1,1
2024-08-18,W01,P0029,27,17.730682920596657,0,1,-1,1
2025-07-13,W01,P0029,603,28.226024383585347,1,0,-1,1
2025-09-14,W01,P0029,134,16.009194519485618,0,0,-1,1
2024-09-29,W02,P0009,679,17.462194124095944,0,0,-1,1
2025-01-26,W02,P0009,204,27.2023711472183,1,0,-1,1
2025-02-16,W02,P0009,778,15.731513696962526,0,0,-1,1
2025-03-02,W02,P0009,467,17.460235163493177,0,0,-1,1
2024-02-25,W02,P0014,83,26.7332131058862,1,1,-1,1
2024-03-10,W02,P0014,508,17.343927113421735,0,0,-1,1
2024-04-21,W02,P0014,781,26.8204373204217,1,0,-1,1
2024-09-15,W02,P0014,148,27.119719485074302,1,0,-1,1
2024-10-20,W02,P0014,585,27.321519101890388,1,0,-1,1
2024-11-24,W02,P0014,688,26.972193462383675,1,0,-1,1
2025-06-01,W02,P0014,58,26.5319127119909,1,1,-1,1
2025-08-17,W02,P0014,152,16.333563452414232,0,0,-1,1
2024-02-11,W02,P0013,236,27.20412316704507,1,0,-1,1
2024-04-14,W02,P0013,703,16.98861799137126,0,0,-1,1
2024-04-28,W02,P0013,175,15.36536335742231,0,0,-1,1
2025-08-03,W02,P0013,71,17.10227984270427,0,1,-1,1
2025-09-21,W02,P0013,3,24.16595139172821,0,1,-1,1
2025-07-20,W02,P0050,685,27.14488401453776,1,0,-1,1
2025-11-09,W02,P0050,30,17.905674100540065,0,1,-1,1
2024-01-07,W02,P0012,279,17.41121245742627,0,0,-1,1
2024-02-18,W02,P0012,64,18.37171142099136,0,1,-1,1
2024-03-31,W02,P0012,449,16.966374478076688,0,0,-1,1
2024-11-17,W02,P0012,80,16.209340532462292,0,1,-1,1
2025-03-30,W02,P0012,33,25.60567543802265,1,1,-1,1
2025-08-03,W02,P0012,11,19.06314480996232,0,1,-1,1
2025-11-30,W02,P0012,838,17.445010458511913,0,0,-1,1
2024-02-11,W02,P0029,23,25.628267128663964,1,1,-1,1
2024-02-18,W02,P0029,999,17.287389719038586,0,0,-1,1
2024-03-03,W02,P0029,746,26.636325295644124,1,0,-1,1
2025-08-24,W02,P0029,86,18.023808908282472,0,1,-1,1
2024-08-11,W02,P0021,533,26.775523654695057,1,0,-1,1
2024-03-24,W02,P0019,91,17.79339971151602,0,1,-1,1
2025-04-13,W02,P0019,940,28.788244671526503,1,0,-1,1
2024-03-31,W02,P0032,145,26.296711511465915,1,0,-1,1
2025-06-29,W02,P0032,128,27.012565034314928,1,0,-1,1
2025-08-24,W02,P0032,792,26.56896449001417,1,0,-1,1
2024-01-14,W02,P0017,50,17.557223818231225,0,1,-1,1
2024-02-04,W02,P0017,114,26.10252885634764,1,0,-1,1
2024-02-25,W02,P0017,435,17.553596090886884,0,0,-1,1
2025-03-09,W02,P0017,789,17.368041553111095,0,0,-1,1
2025-05-04,W02,P0017,14,26.95658529286716,1,1,-1,1
2025-06-01,W02,P0017,972,25.824163864000525,1,0,-1,1
2025-08-31,W02,P0017,875,27.99877914475008,1,0,-1,1
2025-10-19,W02,P0017,526,27.45135218143399,1,0,-1,1
2024-01-28,W02,P0005,922,14.791208145640956,0,0,-1,1
2025-01-26,W02,P0005,982,26.27420644809267,1,0,-1,1
2025-02-02,W02,P0005,305,17.616321078260174,0,0,-1,1
2025-10-19,W02,P0005,232,17.587807701393615,0,0,-1,1
2024-02-04,W02,P0010,753,26.613470519680472,1,0,-1,1
2024-03-03,W02,P0010,146,17.96531625629923,0,0,-1,1
2024-04-21,W02,P0010,819,26.17705983666016,1,0,-1,1
2024-06-23,W02,P0010,831,26.47724325357369,1,0,-1,1
2024-12-01,W02,P0010,10,25.737065490575585,1,1,-1,1
2025-03-02,W02,P0010,32,25.51851849595714,1,1,-1,1
2025-04-13,W02,P0010,995,19.38300822592738,0,0,-1,1
2024-03-31,W02,P0026,684,16.74925561727014,0,0,-1,1
2024-04-14,W02,P0026,261,17.532590365711542,0,0,-1,1
2024-04-21,W02,P0026,905,25.96874579715155,1,0,-1,1
2024-05-05,W02,P0026,159,17.271455776855703,0,0,-1,1
2024-07-14,W02,P0026,432,17.083488650974225,0,0,-1,1
2024-08-18,W02,P0026,36,27.53445901998733,1,1,-1,1
2024-09-29,W02,P0026,467,26.73165557133225,1,0,-1,1
2024-10-20,W02,P0026,112,17.534407718615977,0,0,-1,1
2025-05-18,W02,P0026,747,17.448276826817022,0,0,-1,1
2025-06-01,W02,P0026,286,17.266518609185013,0,0,-1,1
2025-06-29,W02,P0026,684,26.868669970087943,1,0,-1,1
2025-07-06,W02,P0026,24,17.502469827322763,0,1,-1,1
2024-03-10,W02,P0015,174,15.15724075756656,0,0,-1,1
2024-04-07,W02,P0015,99,25.868126880853595,1,1,-1,1
2024-08-25,W02,P0015,642,15.947064946451874,0,0,-1,1
2024-12-08,W02,P0015,765,26.91849424617488,1,0,-1,1
2025-07-20,W02,P0015,155,15.859348146514556,0,0,-1,1
2024-04-14,W02,P0040,955,26.218349135361063,1,0,-1,1
2024-04-21,W02,P0040,10,15.63246136399326,0,1,-1,1
2024-05-19,W02,P0040,994,19.08140119943358,0,0,-1,1
2025-04-06,W02,P0040,925,17.700443200169953,0,0,-1,1
2025-11-02,W02,P0040,941,26.28224231988692,1,0,-1,1
2024-01-28,W02,P0011,476,26.76212655312539,1,0,-1,1
2024-04-14,W02,P0011,883,18.01990962429388,0,0,-1,1
2024-10-20,W02,P0011,19,26.854233941725628,1,1,-1,1
2024-11-17,W02,P0011,113,18.081313724636065,0,0,-1,1
2024-04-28,W02,P0038,761,26.17140417303293,1,0,-1,1
2024-07-14,W02,P0038,982,17.927652114677812,0,0,-1,1
2024-09-08,W02,P0038,784,26.34675282765494,1,0,-1,1
2025-06-08,W02,P0038,915,17.10210263133099,0,0,-1,1
2025-07-20,W02,P0038,402,17.354035601949565,0,0,-1,1
2024-02-04,W02,P0036,107,17.593281871385024,0,0,-1,1
2024-02-18,W02,P0036,423,17.40083237548024,0,0,-1,1
2024-04-21,W02,P0036,286,28.00275816488553,1,0,-1,1
2024-07-14,W02,P0036,11,25.18153270066792,1,1,-1,1
2025-06-08,W02,P0036,32,17.606260191836586,0,1,-1,1
2025-07-06,W02,P0036,3,26.05166644844592,1,1,-1,1
2025-09-07,W02,P0036,83,25.87901485831464,1,1,-1,1
2025-10-05,W02,P0036,228,17.425990301280052,0,0,-1,1
2024-01-07,W02,P0048,556,16.4559007338025,0,0,-1,1
2024-04-28,W02,P0048,102,26.751775384154648,1,0,-1,1
2024-07-21,W02,P0048,643,16.650428100134135,0,0,-1,1
2025-04-13,W02,P0048,192,26.46350598532572,1,0,-1,1
2024-01-21,W02,P0027,2,24.35147964483163,0,1,-1,1
2024-01-28,W02,P0027,652,16.42960243608698,0,0,-1,1
2024-10-06,W02,P0027,458,26.77815883838278,1,0,-1,1
2025-10-12,W02,P0027,675,17.561926536648183,0,0,-1,1
2025-11-02,W02,P0027,488,17.12964415199059,0,0,-1,1
2024-03-03,W03,P0029,15,15.84454731183127,0,1,-1,1
2024-05-05,W03,P0029,200,26.50997534101769,1,0,-1,1
2024-05-26,W03,P0029,224,17.240622096971777,0,0,-1,1
2024-07-14,W03,P0029,995,19.54495824507794,0,0,-1,1
2024-09-22,W03,P0029,840,28.26210356923041,1,0,-1,1
2024-10-27,W03,P0029,596,17.472889754911698,0,0,-1,1
2025-01-19,W03,P0029,847,26.08964251891764,1,0,-1,1
2024-01-21,W03,P0001,907,18.16733975170693,0,0,-1,1
2024-02-04,W03,P0001,992,19.49999917423617,0,0,-1,1
2024-09-29,W03,P0001,122,17.58074471545408,0,0,-1,1
2025-04-13,W03,P0001,913,26.532657083036582,1,0,-1,1
2025-06-01,W03,P0001,997,25.65220082471514,1,0,-1,1
2025-07-13,W03,P0001,864,26.24927018556851,1,0,-1,1
2024-02-25,W03,P0007,334,16.78780332124713,0,0,-1,1
2024-03-24,W03,P0007,949,18.171567812843733,0,0,-1,1
2024-10-13,W03,P0007,9,19.222163511528173,0,1,-1,1
2024-11-03,W03,P0007,679,17.62780738495773,0,0,-1,1
2025-01-26,W03,P0007,861,18.01847060214164,0,0,-1,1
2025-02-09,W03,P0007,79,16.194903430044274,0,1,-1,1
2025-03-09,W03,P0007,101,27.506112146589683,1,0,-1,1
2025-06-01,W03,P0007,161,26.342520579294124,1,0,-1,1
2025-08-17,W03,P0007,580,16.641564448324257,0,0,-1,1
2025-10-05,W03,P0007,809,17.50914823305235,0,0,-1,1
2024-01-14,W03,P0023,803,27.28520262547436,1,0,-1,1
2024-02-11,W03,P0023,86,17.391517689257128,0,1,-1,1
2025-01-12,W03,P0023,882,27.140277988430043,1,0,-1,1
2025-03-02,W03,P0023,59,26.71316125964449,1,1,-1,1
2025-04-27,W03,P0023,943,25.74494498195628,1,0,-1,1
2025-07-20,W03,P0023,9,25.057052110513343,1,1,-1,1
2024-05-26,W03,P0032,23,18.996555979080792,0,1,-1,1
2024-07-28,W03,P0032,244,16.580249436342154,0,0,-1,1
2024-09-15,W03,P0032,977,26.35173300557124,1,0,-1,1
2024-11-03,W03,P0032,30,16.913526801278337,0,1,-1,1
2025-06-08,W03,P0032,260,17.40844681048074,0,0,-1,1
2025-07-13,W03,P0032,73,17.925584243156802,0,1,-1,1
2025-10-12,W03,P0032,632,27.46407179986064,1,0,-1,1
2024-01-07,W03,P0041,59,25.601624428524595,1,1,-1,1
2024-04-07,W03,P0041,762,26.15608958212563,1,0,-1,1
2024-11-17,W03,P0041,867,26.45753869953928,1,0,-1,1
2024-11-24,W03,P0041,864,17.94489729466798,0,0,-1,1
2025-07-20,W03,P0041,951,27.159226270526258,1,0,-1,1
2025-09-07,W03,P0041,935,18.418756762931764,0,0,-1,1
2025-10-26,W03,P0041,16,26.218050505496905,1,1,-1,1
2024-04-21,W03,P0025,910,18.21536720036746,0,0,-1,1
2024-07-14,W03,P0025,883,17.284222520263814,0,0,-1,1
2025-02-02,W03,P0025,136,17.066682507183987,0,0,-1,1
2025-02-23,W03,P0025,23,25.9055075099375,1,1,-1,1
2025-05-04,W03,P0025,424,27.87738015515162,1,0,-1,1
2025-07-06,W03,P0025,877,27.074380459796497,1,0,-1,1
2025-09-21,W03,P0025,145,17.402568256226136,0,0,-1,1
2024-07-07,W03,P0004,71,28.2706145984224,1,1,-1,1
2024-11-24,W03,P0004,15,19.08615692349584,0,1,-1,1
2024-12-29,W03,P0004,355,17.257867426135626,0,0,-1,1
2025-09-21,W03,P0004,194,17.546921246238007,0,0,-1,1
2024-01-14,W03,P0026,607,16.889804997417023,0,0,-1,1
2024-07-28,W03,P0026,838,18.05039562809521,0,0,-1,1
2024-09-15,W03,P0026,3,26.12279305003583,1,1,-1,1
2025-02-09,W03,P0026,872,15.697388674204298,0,0,-1,1
2025-10-12,W03,P0026,951,18.470697735180543,0,0,-1,1
2025-11-16,W03,P0026,553,16.93679987144186,0,0,-1,1
2024-02-25,W03,P0017,613,17.58121643743462,0,0,-1,1
2024-04-14,W03,P0017,139,27.033479344267093,1,0,-1,1
2024-08-11,W03,P0017,480,27.69453903732924,1,0,-1,1
2024-09-29,W03,P0017,998,16.73227493333782,0,0,-1,1
2024-12-01,W03,P0017,46,17.2208007856742,0,1,-1,1
2024-12-29,W03,P0017,894,18.07685321018945,0,0,-1,1
2025-10-05,W03,P0017,935,16.762846801927104,0,0,-1,1
2024-03-10,W03,P0043,218,16.13060018222241,0,0,-1,1
2024-04-28,W03,P0043,389,26.5626379104142,1,0,-1,1
2024-05-19,W03,P0043,316,26.92338369207352,1,0,-1,1
2025-02-16,W03,P0043,306,17.592052639723967,0,0,-1,1
2025-07-20,W03,P0043,991,16.79428677441559,0,0,-1,1
2025-09-21,W03,P0043,311,17.175670544017805,0,0,-1,1
2024-10-06,W03,P0035,545,27.371034383644474,1,0,-1,1
2025-03-16,W03,P0035,783,26.747461258206844,1,0,-1,1
2025-04-13,W03,P0035,84,18.40020681748556,0,1,-1,1
2025-05-18,W03,P0035,13,18.331152132803137,0,1,-1,1
2025-07-13,W03,P0035,981,26.084477801922223,1,0,-1,1
2024-02-25,W03,P0028,563,29.318057488473617,1,0,-1,1
2024-03-31,W03,P0028,988,18.83756611863185,0,0,-1,1
2024-08-11,W03,P0028,160,26.45369834355408,1,0,-1,1
2025-07-13,W03,P0028,660,26.51348001096689,1,0,-1,1
2024-05-12,W03,P0005,27,26.394450807592666,1,1,-1,1
2024-08-25,W03,P0005,94,16.455707578514527,0,1,-1,1
2025-02-16,W03,P0005,896,17.216387895264617,0,0,-1,1
2025-03-09,W03,P0005,311,16.816419639539383,0,0,-1,1
2024-09-08,W03,P0013,179,26.74254754802513,1,0,-1,1
2024-09-29,W03,P0013,985,25.278273839186703,1,0,-1,1
2024-11-24,W03,P0013,488,17.19441337525058,0,0,-1,1
2025-04-20,W03,P0013,128,27.46903049810416,1,0,-1,1
2025-09-14,W03,P0013,189,26.845704839842107,1,0,-1,1
2024-04-14,W03,P0020,184,26.707946869663445,1,0,-1,1
2024-09-15,W03,P0020,72,18.555442172922884,0,1,-1,1
2024-09-29,W03,P0020,373,16.590939968743523,0,0,-1,1
2025-03-02,W03,P0020,21,25.562178136507445,1,1,-1,1
2025-04-27,W03,P0020,995,17.943205135738072,0,0,-1,1
2025-05-25,W03,P0020,61,26.688242668259644,1,1,-1,1
2025-10-12,W03,P0020,880,17.689194254912156,0,0,-1,1
2024-07-21,W03,P0021,972,17.623806162812347,0,0,-1,1
2024-09-29,W03,P0021,73,18.421026089545737,0,1,-1,1
2025-04-06,W03,P0021,383,17.60148785023104,0,0,-1,1
2025-06-08,W03,P0021,970,17.016600239425244,0,0,-1,1
2024-02-04,W03,P0003,740,17.26065668951608,0,0,-1,1
2024-02-18,W03,P0003,275,15.296339022845766,0,0,-1,1
2024-03-03,W03,P0003,980,17.236178802057886,0,0,-1,1
2024-04-14,W03,P0003,995,19.49769872165261,0,0,-1,1
2024-09-15,W03,P0003,957,26.58165083453564,1,0,-1,1
2025-05-25,W03,P0003,922,16.458964686354495,0,0,-1,1
2025-11-23,W03,P0003,500,17.27940624595911,0,0,-1,1
2024-07-07,W03,P0037,510,16.84875894541552,0,0,-1,1
2025-01-26,W03,P0037,879,16.515160477715998,0,0,-1,1
2025-07-06,W03,P0037,734,17.465180785222394,0,0,-1,1
2025-08-17,W03,P0037,22,18.97619643430696,0,1,-1,1
2025-10-19,W03,P0037,476,17.14734933635575,0,0,-1,1
2024-07-28,W03,P0044,694,17.520264560287096,0,0,-1,1
2025-07-20,W03,P0044,687,16.949547907540065,0,0,-1,1
2025-11-23,W03,P0044,12,26.107851970421308,1,1,-1,1
2024-05-26,W04,P0003,700,27.58042590326122,1,0,-1,1
2024-07-21,W04,P0003,812,18.02779195439019,0,0,-1,1
2024-11-10,W04,P0003,354,26.91857970737076,1,0,-1,1
2025-09-21,W04,P0003,820,26.4266496323898,1,0,-1,1
2024-02-18,W04,P0015,709,26.822801127786885,1,0,-1,1
2024-10-06,W04,P0015,692,17.423903621228813,0,0,-1,1
2025-10-26,W04,P0015,980,16.325913471565716,0,0,-1,1
2024-03-10,W04,P0039,890,25.949402557383102,1,0,-1,1
2024-08-04,W04,P0039,985,28.236969790195857,1,0,-1,1
2024-09-15,W04,P0039,517,26.678240789943537,1,0,-1,1
2025-04-06,W04,P0039,986,18.597244463055745,0,0,-1,1
2025-05-04,W04,P0039,21,18.99177203145557,0,1,-1,1
2025-08-24,W04,P0039,570,27.6896360972804,1,0,-1,1
2024-07-14,W04,P0025,923,17.782703907009015,0,0,-1,1
2024-09-22,W04,P0025,299,26.866774019258628,1,0,-1,1
2024-09-29,W04,P0025,64,26.538128670279782,1,1,-1,1
2024-10-27,W04,P0025,389,17.066450478327923,0,0,-1,1
2024-11-10,W04,P0025,830,26.17910386649384,1,0,-1,1
2025-01-19,W04,P0025,281,16.64128554309773,0,0,-1,1
2025-02-02,W04,P0025,874,16.874783312856145,0,0,-1,1
2025-08-10,W04,P0025,962,25.871006686635926,1,0,-1,1
2025-09-21,W04,P0025,943,26.85532844840232,1,0,-1,1
2025-09-28,W04,P0025,895,26.87502364537833,1,0,-1,1
2025-10-05,W04,P0025,733,27.5326420321834,1,0,-1,1
2024-03-10,W04,P0006,996,19.75772006358856,0,0,-1,1
2024-05-19,W04,P0006,450,17.208073997852605,0,0,-1,1
2024-08-25,W04,P0006,860,18.03469867084537,0,0,-1,1
2025-09-14,W04,P0006,76,16.473481849849264,0,1,-1,1
2024-03-31,W04,P0016,684,27.160802022298128,1,0,-1,1
2024-04-07,W04,P0016,899,27.19793941332272,1,0,-1,1
2024-08-11,W04,P0016,486,27.548423038122955,1,0,-1,1
2025-07-13,W04,P0016,950,25.91653682819775,1,0,-1,1
2025-09-21,W04,P0016,393,16.3033778261293,0,0,-1,1
2025-02-23,W04,P0050,759,26.14780628472283,1,0,-1,1
2025-04-06,W04,P0050,346,26.72624538742881,1,0,-1,1
2025-08-03,W04,P0050,576,17.28127473308416,0,0,-1,1
2024-04-07,W04,P0036,894,15.28912321579946,0,0,-1,1
2025-02-09,W04,P0036,91,18.177914144572465,0,1,-1,1
2025-05-18,W04,P0036,991,25.069477486178464,1,0,-1,1
2025-06-22,W04,P0036,832,27.28734756612993,1,0,-1,1
2025-11-09,W04,P0036,889,27.66719015959625,1,0,-1,1
2024-01-07,W04,P0041,136,26.10967104457348,1,0,-1,1
2024-02-11,W04,P0041,358,26.35143942232014,1,0,-1,1
2024-05-19,W04,P0041,452,17.452393947476743,0,0,-1,1
2025-02-16,W04,P0041,728,16.604742767464433,0,0,-1,1
2025-03-23,W04,P0041,120,26.695938245294712,1,0,-1,1
2025-06-29,W04,P0041,995,26.6813053428586,1,0,-1,1
2024-01-14,W04,P0045,105,16.20192901350222,0,0,-1,1
2024-02-18,W04,P0045,469,15.208304591140664,0,0,-1,1
2024-12-08,W04,P0045,137,17.390653333830397,0,0,-1,1
2025-03-09,W04,P0045,755,17.166291046464764,0,0,-1,1
2025-04-27,W04,P0045,264,17.735356229378585,0,0,-1,1
2025-11-30,W04,P0045,4,24.3596808153821,0,1,-1,1
2024-04-28,W04,P0008,81,25.93287083378548,1,1,-1,1
2024-08-25,W04,P0008,370,26.94884114254064,1,0,-1,1
2024-10-27,W04,P0008,274,27.01087066909905,1,0,-1,1
2025-07-27,W04,P0008,165,18.012808463208593,0,0,-1,1
2024-07-21,W04,P0020,308,17.314711995493617,0,0,-1,1
2024-08-11,W04,P0020,706,26.681170771917905,1,0,-1,1
2025-03-16,W04,P0020,267,27.63013631135532,1,0,-1,1
2025-07-20,W04,P0020,689,17.160751423186756,0,0,-1,1
2025-09-21,W04,P0020,3,19.38503882737664,0,1,-1,1
2025-11-02,W04,P0020,367,17.386884498938144,0,0,-1,1
2025-11-09,W04,P0020,869,26.962212786364503,1,0,-1,1
2024-10-13,W04,P0042,995,25.19211216659281,1,0,-1,1
2024-03-03,W04,P0028,819,16.50962595619854,0,0,-1,1
2024-03-17,W04,P0028,94,25.811993113025824,1,1,-1,1
2024-03-24,W04,P0028,10,16.446859208784304,0,1,-1,1
2024-09-22,W04,P0028,898,26.991566822238013,1,0,-1,1
2024-11-17,W04,P0012,984,25.66600661460751,1,0,-1,1
2025-01-05,W04,P0012,1,19.58492328000604,0,1,-1,1
2025-01-26,W04,P0012,831,15.477993001402908,0,0,-1,1
2025-10-26,W04,P0012,887,26.089781217399093,1,0,-1,1
2024-05-12,W04,P0031,109,26.738015102723693,1,0,-1,1
2024-05-19,W04,P0031,788,26.38788149508842,1,0,-1,1
2024-09-01,W04,P0031,527,17.26851449939972,0,0,-1,1
2024-12-08,W04,P0031,865,17.98196625447433,0,0,-1,1
2024-12-22,W04,P0031,211,15.920679935613666,0,0,-1,1
2025-09-07,W04,P0031,292,15.537210466977308,0,0,-1,1
2024-04-21,W04,P0048,754,27.84260738516844,1,0,-1,1
2024-06-30,W04,P0048,182,27.550861361574327,1,0,-1,1
2024-09-01,W04,P0048,285,15.95852107842972,0,0,-1,1
2024-12-01,W04,P0048,872,17.11754676624315,0,0,-1,1
2025-02-09,W04,P0021,988,18.18204341759584,0,0,-1,1
2025-05-11,W04,P0021,198,18.02948196656868,0,0,-1,1
2025-07-27,W04,P0021,367,26.398403718974865,1,0,-1,1
2024-03-10,W04,P0019,998,25.025248546085603,1,0,-1,1
2024-03-17,W04,P0019,239,26.76011222756429,1,0,-1,1
2024-08-25,W04,P0019,989,18.773878762339614,0,0,-1,1
2025-04-06,W04,P0019,603,17.187337284739055,0,0,-1,1
2025-08-10,W04,P0019,767,26.70869389302825,1,0,-1,1
2024-10-20,W04,P0047,120,26.244054810858035,1,0,-1,1
2024-12-22,W04,P0047,730,17.657774380905273,0,0,-1,1
2025-01-12,W04,P0047,222,27.90128127450493,1,0,-1,1
2025-02-02,W04,P0047,514,16.364888457700282,0,0,-1,1
2025-03-23,W04,P0047,784,17.296767861845147,0,0,-1,1
2025-08-10,W04,P0047,819,17.29756594557312,0,0,-1,1
2025-11-09,W04,P0047,28,27.467011427983696,1,1,-1,1
2024-09-15,W05,P0012,334,27.501760702113373,1,0,-1,1
2025-01-19,W05,P0012,60,25.6334620159912,1,1,-1,1
2025-08-17,W05,P0012,0,25.40230576455765,1,1,-1,1
2024-03-03,W05,P0044,232,17.729666318747107,0,0,-1,1
2024-04-07,W05,P0044,565,15.89620399699373,0,0,-1,1
2024-04-14,W05,P0044,640,26.68384349656137,1,0,-1,1
2024-07-28,W05,P0044,550,13.684532245201735,0,0,-1,1
2025-08-31,W05,P0044,895,28.275051132649057,1,0,-1,1
2024-06-02,W05,P0048,413,27.20872085903121,1,0,-1,1
2024-11-24,W05,P0048,334,26.503666006276287,1,0,-1,1
2025-05-04,W05,P0048,3,24.67872946518346,0,1,-1,1
2024-01-14,W05,P0018,846,26.85525241455546,1,0,-1,1
2024-03-24,W05,P0018,892,17.312093674695735,0,0,-1,1
2024-11-10,W05,P0018,7,19.21691056231812,0,1,-1,1
2025-03-09,W05,P0018,103,18.16724137294949,0,0,-1,1
2025-09-14,W05,P0018,988,25.413801475781383,1,0,-1,1
2024-03-17,W05,P0015,10,25.579049794806867,1,1,-1,1
2025-01-12,W05,P0015,873,26.41365263565444,1,0,-1,1
2024-02-11,W05,P0037,621,17.077130899151033,0,0,-1,1
2024-09-08,W05,P0037,979,25.462185292272707,1,0,-1,1
2024-12-08,W05,P0037,4,19.181555739090385,0,1,-1,1
2025-11-16,W05,P0037,59,27.81128514193737,1,1,-1,1
2024-11-24,W05,P0008,996,20.13418221503221,0,0,-1,1
2025-02-16,W05,P0008,533,27.06548273057337,1,0,-1,1
2025-03-16,W05,P0008,4,19.18449032988301,0,1,-1,1
2025-03-30,W05,P0008,841,26.87898099545053,1,0,-1,1
2025-05-25,W05,P0008,262,17.59606473132576,0,0,-1,1
2024-02-11,W05,P0013,77,26.191356489847514,1,1,-1,1
2025-06-15,W05,P0013,914,26.57048477187188,1,0,-1,1
2024-09-22,W05,P0027,920,16.48434782777911,0,0,-1,1
2024-11-10,W05,P0027,60,18.49079906230318,0,1,-1,1
2025-04-27,W05,P0027,582,26.466938104777583,1,0,-1,1
2025-07-06,W05,P0027,913,25.75722194337917,1,0,-1,1
2025-08-03,W05,P0027,207,16.16742550522573,0,0,-1,1
2025-10-19,W05,P0027,104,17.732892662045305,0,0,-1,1
2024-01-21,W05,P0038,76,17.87611993422598,0,1,-1,1
2024-05-05,W05,P0038,848,17.21838259014178,0,0,-1,1
2024-11-24,W05,P0038,232,26.619690000290905,1,0,-1,1
2025-07-06,W05,P0038,25,25.816619634794,1,1,-1,1
2024-05-12,W05,P0017,998,19.67545878574164,0,0,-1,1
2024-06-09,W05,P0017,995,19.07414551830877,0,0,-1,1
2024-11-17,W05,P0017,75,17.844815444236488,0,1,-1,1
2025-07-20,W05,P0017,27,25.581696717823224,1,1,-1,1
2024-04-28,W05,P0041,1,19.51800992644497,0,1,-1,1
2024-07-28,W05,P0041,72,27.022472840294768,1,1,-1,1
2024-10-20,W05,P0041,549,28.109818384059125,1,0,-1,1
2025-01-12,W05,P0041,851,26.912603037884463,1,0,-1,1
2025-02-23,W05,P0041,979,18.885703520597552,0,0,-1,1
2025-05-18,W05,P0041,434,27.47807094932128,1,0,-1,1
2025-07-20,W05,P0041,868,26.268221019162624,1,0,-1,1
2025-08-24,W05,P0041,679,17.2807113280259,0,0,-1,1
2024-07-21,W05,P0001,967,17.2806101875355,0,0,-1,1
2025-01-19,W05,P0001,923,17.46324293731217,0,0,-1,1
2025-08-03,W05,P0001,88,16.219838515714567,0,1,-1,1
2024-04-28,W05,P0023,139,17.97454984734829,0,0,-1,1
2024-11-17,W05,P0023,489,26.88576415104673,1,0,-1,1
2025-05-04,W05,P0023,663,17.116687764581414,0,0,-1,1
2025-06-15,W05,P0023,822,27.03660116354293,1,0,-1,1
2024-07-28,W05,P0026,946,18.58405884878599,0,0,-1,1
2024-08-11,W05,P0026,2,25.460693144404136,1,1,-1,1
2024-12-15,W05,P0026,669,26.50688451435253,1,0,-1,1
2025-01-19,W05,P0026,461,17.041047765756577,0,0,-1,1
2025-03-30,W05,P0026,262,17.238145491307613,0,0,-1,1
2025-04-20,W05,P0026,151,18.02354005226799,0,0,-1,1
2025-06-01,W05,P0026,21,25.45783422355921,1,1,-1,1
2025-07-20,W05,P0026,168,17.506598835590655,0,0,-1,1
2024-03-31,W05,P0014,998,24.986061543325217,0,0,-1,1
2024-07-28,W05,P0014,508,17.34389949997392,0,0,-1,1
2024-12-29,W05,P0014,820,16.335311245941867,0,0,-1,1
2025-01-19,W05,P0014,966,27.104670125104764,1,0,-1,1
2024-08-11,W05,P0039,502,27.441025454951053,1,0,-1,1
2025-08-24,W05,P0039,331,26.954303977837,1,0,-1,1
2025-08-31,W05,P0039,6,25.54147777719816,1,1,-1,1
2025-09-28,W05,P0039,308,28.81306816886844,1,0,-1,1
2025-11-30,W05,P0039,319,16.69550726739355,0,0,-1,1
2025-02-02,W05,P0011,928,18.147269350298053,0,0,-1,1
2025-03-23,W05,P0011,108,26.507103619237945,1,0,-1,1
2025-06-22,W05,P0011,123,15.671283139443986,0,0,-1,1
2025-08-31,W05,P0011,965,25.6442730247674,1,0,-1,1
2025-10-26,W05,P0011,265,28.189065767974984,1,0,-1,1
2024-05-26,W05,P0029,3,19.637696370016595,0,1,-1,1
2024-08-18,W05,P0029,668,15.595883524527816,0,0,-1,1
2025-05-04,W05,P0029,497,16.04989221071854,0,0,-1,1
2025-08-31,W05,P0029,453,17.366391816239986,0,0,-1,1
2025-11-16,W05,P0029,732,16.701367629838664,0,0,-1,1
2024-01-14,W05,P0049,490,17.154177548165887,0,0,-1,1
2025-03-02,W05,P0049,419,27.99819731959721,1,0,-1,1
2025-08-17,W05,P0049,281,17.625303464651342,0,0,-1,1
2025-09-21,W05,P0049,998,26.12466990634712,1,0,-1,1
2024-06-30,W06,P0016,362,26.899771575492863,1,0,-1,1
2025-01-12,W06,P0016,109,26.59001325098136,1,0,-1,1
2025-02-16,W06,P0016,180,17.79070342354609,0,0,-1,1
2025-07-27,W06,P0016,680,17.400024023896147,0,0,-1,1
2024-02-04,W06,P0010,906,27.445064118420177,1,0,-1,1
2024-06-02,W06,P0010,36,25.410493569961336,1,1,-1,1
2024-09-15,W06,P0010,916,26.497170049153688,1,0,-1,1
2025-07-27,W06,P0010,892,16.7106708798149,0,0,-1,1
2025-11-02,W06,P0010,909,18.252077558229605,0,0,-1,1
2024-03-10,W06,P0025,92,16.708562973210206,0,1,-1,1
2024-08-04,W06,P0025,130,17.976104488063392,0,0,-1,1
2024-12-08,W06,P0025,374,27.71941859987767,1,0,-1,1
2025-02-09,W06,P0025,135,17.550304589281474,0,0,-1,1
2025-02-23,W06,P0025,911,17.488412806134555,0,0,-1,1
2025-06-01,W06,P0025,494,16.863945476779374,0,0,-1,1
2025-06-22,W06,P0025,95,17.76176789017,0,1,-1,1
2024-02-18,W06,P0035,510,26.86222823506171,1,0,-1,1
2024-07-07,W06,P0035,929,17.35887745071905,0,0,-1,1
2024-08-25,W06,P0035,467,15.058020211485472,0,0,-1,1
2025-03-02,W06,P0035,905,14.445520472581494,0,0,-1,1
2025-03-23,W06,P0035,881,17.471327361415977,0,0,-1,1
2025-08-24,W06,P0035,983,18.95649902883639,0,0,-1,1
2024-03-24,W06,P0045,60,18.033063243808748,0,1,-1,1
2024-07-07,W06,P0045,204,17.991870530002217,0,0,-1,1
2024-11-24,W06,P0045,128,18.006121253115815,0,0,-1,1
2024-12-29,W06,P0045,585,27.07880640168217,1,0,-1,1
2025-02-23,W06,P0045,997,18.26124786689367,0,0,-1,1
2025-03-02,W06,P0045,371,17.45439350686005,0,0,-1,1
2025-08-24,W06,P0045,986,18.678711258003887,0,0,-1,1
2024-02-04,W06,P0024,56,26.607942159304933,1,1,-1,1
2024-02-18,W06,P0024,920,26.98403056360265,1,0,-1,1
2024-08-11,W06,P0024,812,26.314412198857184,1,0,-1,1
2025-02-16,W06,P0024,1,24.85961414908189,0,1,-1,1
2024-02-18,W06,P0046,513,17.421036359810124,0,0,-1,1
2024-05-26,W06,P0046,739,17.276665582321314,0,0,-1,1
2024-06-23,W06,P0046,145,17.3209837397663,0,0,-1,1
2024-07-28,W06,P0046,883,26.36479479889173,1,0,-1,1
2024-11-24,W06,P0046,76,18.39675523522907,0,1,-1,1
2025-07-06,W06,P0046,949,18.01140681137914,0,0,-1,1
2025-11-09,W06,P0029,160,26.586902932070064,1,0,-1,1
2024-08-18,W06,P0005,103,26.408881179213964,1,0,-1,1
2024-12-29,W06,P0005,99,25.9179191388178,1,1,-1,1
2025-03-23,W06,P0005,847,17.92193450949257,0,0,-1,1
2025-04-06,W06,P0005,7,19.41723000158361,0,1,-1,1
2025-08-31,W06,P0005,209,27.41234016288641,1,0,-1,1
2024-05-05,W06,P0018,150,18.097029762087512,0,0,-1,1
2024-12-29,W06,P0018,847,17.088435084919503,0,0,-1,1
2025-08-24,W06,P0018,376,26.50242722598101,1,0,-1,1
2025-09-21,W06,P0018,25,17.38466291210587,0,1,-1,1
2025-11-02,W06,P0018,377,26.56028471322209,1,0,-1,1
2024-05-26,W06,P0017,554,17.1796486333175,0,0,-1,1
2024-06-30,W06,P0017,629,26.72856523221439,1,0,-1,1
2025-07-27,W06,P0017,546,27.60289790388471,1,0,-1,1
2024-06-02,W06,P0028,10,25.47293471653628,1,1,-1,1
2024-07-21,W06,P0028,986,17.931324209830855,0,0,-1,1
2024-07-28,W06,P0028,388,16.811524986234144,0,0,-1,1
2024-11-24,W06,P0028,441,26.99947374138255,1,0,-1,1
2025-01-05,W06,P0028,831,26.715242051808325,1,0,-1,1
2025-07-20,W06,P0028,676,17.38684482411718,0,0,-1,1
2025-10-12,W06,P0028,921,17.176324922298363,0,0,-1,1
2024-01-14,W06,P0036,979,17.653598296414962,0,0,-1,1
2024-08-18,W06,P0036,101,18.0310006851647,0,0,-1,1
2024-09-01,W06,P0036,749,16.497961419129783,0,0,-1,1
2025-01-19,W06,P0036,949,16.197536872910824,0,0,-1,1
2025-02-09,W06,P0036,630,26.365384502677514,1,0,-1,1
2024-04-21,W06,P0038,85,25.87173970761241,1,1,-1,1
2024-10-06,W06,P0038,806,27.572274939273328,1,0,-1,1
2024-02-25,W06,P0047,618,16.908844541821885,0,0,-1,1
2024-04-28,W06,P0047,31,18.56662220689118,0,1,-1,1
2024-05-05,W06,P0047,846,17.28701903776113,0,0,-1,1
2024-06-23,W06,P0047,15,25.74572079998763,1,1,-1,1
2024-09-22,W06,P0043,962,26.11887359911704,1,0,-1,1
2024-12-01,W06,P0043,996,19.402066421097985,0,0,-1,1
2025-05-11,W06,P0043,23,18.32675001096252,0,1,-1,1
2025-07-20,W06,P0043,899,26.867721861494186,1,0,-1,1
2025-09-21,W06,P0043,928,26.709038729157115,1,0,-1,1
2024-02-04,W06,P0040,46,18.66319965018453,0,1,-1,1
2024-02-25,W06,P0040,702,26.49570957144297,1,0,-1,1
2024-05-19,W06,P0040,926,26.086871873373056,1,0,-1,1
2025-02-09,W06,P0040,809,17.967230784646283,0,0,-1,1
2025-05-18,W06,P0040,34,17.578230903039582,0,1,-1,1
2025-11-23,W06,P0040,171,26.39947122006729,1,0,-1,1
2024-01-28,W06,P0034,359,26.722014919195026,1,0,-1,1
2024-06-16,W06,P0034,645,26.726972372463067,1,0,-1,1
2024-10-20,W06,P0034,995,19.298341855573955,0,0,-1,1
2024-11-10,W06,P0034,370,17.18312222486143,0,0,-1,1
2025-09-21,W06,P0034,991,25.36723211785169,1,0,-1,1
2024-07-28,W06,P0041,219,16.92520830248148,0,0,-1,1
2024-11-17,W06,P0041,879,17.337605506024598,0,0,-1,1
2025-08-24,W06,P0041,890,26.160870591628083,1,0,-1,1
2025-09-21,W06,P0041,725,17.129058389927348,0,0,-1,1
2025-10-19,W06,P0041,481,26.582451824213948,1,0,-1,1
2024-02-04,W06,P0019,893,18.097435078738734,0,0,-1,1
2025-03-09,W06,P0019,720,26.45545935172274,1,0,-1,1
2024-01-21,W07,P0049,317,26.27829227868997,1,0,-1,1
2024-03-03,W07,P0049,938,27.22154443049088,1,0,-1,1
2024-06-23,W07,P0049,188,26.28187372259633,1,0,-1,1
2024-07-07,W07,P0049,908,17.912409983874927,0,0,-1,1
2025-09-28,W07,P0049,6,26.8657309570829,1,1,-1,1
2024-03-03,W07,P0005,186,26.165425213798827,1,0,-1,1
2024-05-26,W07,P0005,654,27.101829308915363,1,0,-1,1
2025-09-07,W07,P0005,365,17.22476525195657,0,0,-1,1
2024-02-04,W07,P0010,986,25.675611372063905,1,0,-1,1
2024-02-25,W07,P0010,548,26.84543745904106,1,0,-1,1
2024-04-07,W07,P0010,420,26.51918106200532,1,0,-1,1
2024-08-25,W07,P0010,54,25.52549099125286,1,1,-1,1
2024-12-01,W07,P0010,651,27.834636951696368,1,0,-1,1
2025-05-18,W07,P0010,770,28.077977289216825,1,0,-1,1
2025-06-15,W07,P0010,52,17.548109430476384,0,1,-1,1
2025-10-05,W07,P0010,967,26.48272354772661,1,0,-1,1
2024-03-10,W07,P0033,119,16.96665924454463,0,0,-1,1
2025-11-02,W07,P0033,14,15.968376857933482,0,1,-1,1
2024-04-07,W07,P0006,623,17.65320454380786,0,0,-1,1
2024-06-09,W07,P0006,896,17.989486399717972,0,0,-1,1
2024-09-08,W07,P0006,746,16.42789333054891,0,0,-1,1
2025-04-20,W07,P0006,992,18.15723419093679,0,0,-1,1
2024-08-18,W07,P0031,4,18.71762266185112,0,1,-1,1
2025-01-05,W07,P0031,930,17.876388581685198,0,0,-1,1
2025-06-15,W07,P0031,524,26.514270158155814,1,0,-1,1
2025-09-21,W07,P0031,879,17.337859715165898,0,0,-1,1
2024-08-04,W07,P0002,53,18.424717459949,0,1,-1,1
2025-04-06,W07,P0002,401,15.803987016075782,0,0,-1,1
2025-05-18,W07,P0002,468,16.647895741860868,0,0,-1,1
2025-09-21,W07,P0002,196,16.74347470340901,0,0,-1,1
2025-10-05,W07,P0002,946,18.226174646340752,0,0,-1,1
2025-10-19,W07,P0002,949,18.351757762949664,0,0,-1,1
2024-01-21,W07,P0029,993,27.775545086781605,1,0,-1,1
2024-04-07,W07,P0029,50,18.472455314019285,0,1,-1,1
2025-02-09,W07,P0029,113,17.814762892781843,0,0,-1,1
2025-04-06,W07,P0029,958,18.609188880069244,0,0,-1,1
2025-05-11,W07,P0029,602,17.267919658877112,0,0,-1,1
2025-09-14,W07,P0029,42,17.798631265517603,0,1,-1,1
2025-10-05,W07,P0029,5,19.168499949185,0,1,-1,1
2024-01-21,W07,P0004,54,27.34265467659126,1,1,-1,1
2024-02-11,W07,P0004,139,26.3121564937186,1,0,-1,1
2025-08-17,W07,P0004,792,16.408273002814603,0,0,-1,1
2024-03-31,W07,P0032,350,27.280509762469443,1,0,-1,1
2025-06-29,W07,P0032,61,18.339843967511086,0,1,-1,1
2025-08-17,W07,P0032,896,25.953872261873563,1,0,-1,1
2025-08-31,W07,P0032,933,26.342218150464863,1,0,-1,1
2025-11-16,W07,P0032,619,17.61842051041862,0,0,-1,1
2024-06-30,W07,P0009,948,26.496337377745547,1,0,-1,1
2024-07-14,W07,P0009,52,16.605263052702284,0,1,-1,1
2024-11-17,W07,P0009,523,27.11484097850408,1,0,-1,1
2025-03-16,W07,P0009,389,27.148880825236468,1,0,-1,1
2024-06-02,W07,P0016,499,15.86901279490149,0,0,-1,1
2024-09-22,W07,P0016,127,27.10267565828133,1,0,-1,1
2025-07-13,W07,P0016,192,27.00832120267254,1,0,-1,1
2024-01-14,W07,P0019,647,26.69978371262767,1,0,-1,1
2024-03-10,W07,P0019,15,18.80644903253673,0,1,-1,1
2024-03-17,W07,P0019,92,25.806568912117744,1,1,-1,1
2024-06-23,W07,P0019,303,28.892425377907976,1,0,-1,1
2025-05-04,W07,P0019,789,16.686123236886786,0,0,-1,1
2025-08-03,W07,P0019,913,27.07342016747732,1,0,-1,1
2025-11-02,W07,P0019,948,16.584713110337773,0,0,-1,1
2024-01-07,W07,P0011,120,29.19975620572327,1,0,-1,1
2024-11-24,W07,P0011,192,26.28599745011062,1,0,-1,1
2025-03-09,W07,P0011,67,27.06415617420385,1,1,-1,1
2025-03-16,W07,P0011,664,17.29719395010271,0,0,-1,1
2025-06-22,W07,P0011,508,26.5775409226315,1,0,-1,1
2024-03-10,W07,P0037,833,17.81513974137597,0,0,-1,1
2024-04-28,W07,P0037,44,18.19364136358427,0,1,-1,1
2024-06-02,W07,P0037,18,26.21805811743877,1,1,-1,1
2025-04-20,W07,P0037,984,26.510813776575294,1,0,-1,1
2024-01-21,W07,P0027,1,18.42538748381693,0,1,-1,1
2024-03-31,W07,P0027,949,25.61372285951828,1,0,-1,1
2025-03-30,W07,P0027,107,17.836730532994657,0,0,-1,1
2024-07-14,W07,P0043,880,17.943383523537868,0,0,-1,1
2025-01-12,W07,P0043,414,27.15596160760133,1,0,-1,1
2025-05-04,W07,P0043,82,17.87797672983508,0,1,-1,1
2024-05-19,W07,P0026,475,26.686191493170103,1,0,-1,1
2024-06-02,W07,P0026,102,16.354960183925467,0,0,-1,1
2025-04-06,W07,P0026,176,17.20614673879313,0,0,-1,1
2024-02-11,W07,P0042,811,28.03675340290884,1,0,-1,1
2024-09-15,W07,P0042,680,26.403004039480383,1,0,-1,1
2024-10-06,W07,P0042,887,26.62289614884339,1,0,-1,1
2024-10-27,W07,P0042,878,26.51667093560221,1,0,-1,1
2024-11-17,W07,P0042,384,26.516374147428216,1,0,-1,1
2025-03-30,W07,P0042,855,16.69691769213324,0,0,-1,1
2024-07-21,W07,P0007,952,25.6973197897753,1,0,-1,1
2025-03-09,W07,P0007,790,17.455445380504436,0,0,-1,1
2025-05-11,W07,P0007,111,26.840670579495765,1,0,-1,1
2025-10-12,W07,P0007,178,26.08910859036873,1,0,-1,1
2025-10-26,W07,P0007,3,25.27503720774028,1,1,-1,1
2024-09-29,W08,P0030,802,17.533237458750218,0,0,-1,1
2024-10-13,W08,P0030,121,15.847232562759334,0,0,-1,1
2024-11-17,W08,P0030,300,26.909347181109155,1,0,-1,1
2025-05-11,W08,P0030,40,25.628484589511967,1,1,-1,1
2025-08-31,W08,P0030,279,26.90389821069433,1,0,-1,1
2025-09-07,W08,P0030,110,27.255142153347908,1,0,-1,1
2024-06-02,W08,P0026,95,26.19039601784048,1,1,-1,1
2024-10-27,W08,P0026,189,18.011334559638577,0,0,-1,1
2024-11-10,W08,P0026,961,28.051391451416507,1,0,-1,1
2025-01-12,W08,P0026,46,17.325115953723206,0,1,-1,1
2025-06-08,W08,P0026,984,18.642579734109948,0,0,-1,1
2025-07-27,W08,P0026,450,16.50964917578826,0,0,-1,1
2024-01-14,W08,P0012,989,19.014956450176385,0,0,-1,1
2024-02-25,W08,P0012,369,27.22297744524393,1,0,-1,1
2025-02-16,W08,P0012,208,17.231243094929308,0,0,-1,1
2025-03-09,W08,P0012,13,19.18272587199516,0,1,-1,1
2025-03-23,W08,P0012,785,26.882173681339367,1,0,-1,1
2025-05-04,W08,P0012,697,16.714703201049986,0,0,-1,1
2025-08-10,W08,P0012,935,28.67398765482526,1,0,-1,1
2025-10-05,W08,P0012,28,18.58324067471569,0,1,-1,1
2024-09-15,W08,P0032,304,27.046543354138223,1,0,-1,1
2024-11-10,W08,P0032,459,26.752259788673328,1,0,-1,1
2025-10-05,W08,P0032,995,19.281549813550274,0,0,-1,1
2024-04-21,W08,P0035,140,17.85395529489953,0,0,-1,1
2024-10-13,W08,P0035,125,17.55086334257984,0,0,-1,1
2024-11-10,W08,P0035,943,17.813014627250517,0,0,-1,1
2025-09-07,W08,P0035,518,13.799414117403446,0,0,-1,1
2024-02-04,W08,P0046,787,26.35425402529677,1,0,-1,1
2024-05-12,W08,P0046,981,26.5367612626069,1,0,-1,1
2024-12-29,W08,P0046,658,16.73165945303314,0,0,-1,1
2025-11-02,W08,P0046,849,17.74314342663039,0,0,-1,1
2024-03-10,W08,P0037,752,26.71961584386598,1,0,-1,1
2024-09-08,W08,P0037,501,16.67584339175373,0,0,-1,1
2024-12-15,W08,P0037,916,28.089461271864927,1,0,-1,1
2025-01-05,W08,P0037,129,16.348898621711093,0,0,-1,1
2025-03-23,W08,P0037,937,26.13034160545276,1,0,-1,1
2025-04-06,W08,P0037,22,26.585203541457773,1,1,-1,1
2024-03-03,W08,P0003,833,27.334629986232365,1,0,-1,1
2024-03-17,W08,P0003,166,26.159680143324,1,0,-1,1
2024-08-25,W08,P0003,183,17.622001338832085,0,0,-1,1
2024-09-22,W08,P0003,898,17.276380063047405,0,0,-1,1
2024-10-27,W08,P0003,368,26.446609525500147,1,0,-1,1
2025-08-17,W08,P0003,912,17.87880568449026,0,0,-1,1
2024-07-07,W08,P0036,714,26.433043760445045,1,0,-1,1
2025-09-21,W08,P0036,25,26.22375318634659,1,1,-1,1
2024-02-04,W08,P0025,537,26.43880036627097,1,0,-1,1
2024-11-03,W08,P0025,335,26.87157983183752,1,0,-1,1
2025-01-12,W08,P0025,687,26.439896718178865,1,0,-1,1
2025-01-19,W08,P0025,892,26.50805284153313,1,0,-1,1
2025-04-06,W08,P0025,1,18.15776881855482,0,1,-1,1
2025-08-31,W08,P0025,937,18.2848324471198,0,0,-1,1
2025-11-16,W08,P0025,12,26.01374641412377,1,1,-1,1
2024-04-07,W08,P0008,253,26.418997929803268,1,0,-1,1
2024-04-21,W08,P0008,121,17.378682491881015,0,0,-1,1
2024-06-02,W08,P0008,349,26.681962392479,1,0,-1,1
2024-10-27,W08,P0008,398,17.31046303087794,0,0,-1,1
2025-01-12,W08,P0008,265,17.73422001318631,0,0,-1,1
2025-03-02,W08,P0008,753,26.494353109576075,1,0,-1,1
2024-01-07,W08,P0049,57,26.240433808439786,1,1,-1,1
2024-05-19,W08,P0049,593,16.23129990016972,0,0,-1,1
2025-06-22,W08,P0049,388,17.27633399112375,0,0,-1,1
2025-08-31,W08,P0049,995,26.96121936874205,1,0,-1,1
2024-06-23,W08,P0013,161,26.75286933822808,1,0,-1,1
2024-12-22,W08,P0013,217,26.927965589029743,1,0,-1,1
2025-04-20,W08,P0013,941,28.30070301194929,1,0,-1,1
2025-06-22,W08,P0013,78,29.83215318191843,1,1,-1,1
2025-09-28,W08,P0013,64,18.59698037851709,0,1,-1,1
2025-11-23,W08,P0013,932,18.26880369333435,0,0,-1,1
2025-11-30,W08,P0013,320,17.090084627632045,0,0,-1,1
2024-03-31,W08,P0048,733,17.085733534375482,0,0,-1,1
2025-05-25,W08,P0048,8,25.542046514698303,1,1,-1,1
2025-10-05,W08,P0048,583,26.996097221634603,1,0,-1,1
2024-01-14,W08,P0045,863,17.74331171041045,0,0,-1,1
2024-02-04,W08,P0045,21,26.18310305179733,1,1,-1,1
2024-12-08,W08,P0045,336,17.057145382260558,0,0,-1,1
2025-04-20,W08,P0045,943,25.81812800864538,1,0,-1,1
2025-05-25,W08,P0045,691,17.20287922423085,0,0,-1,1
2024-02-04,W08,P0016,263,16.733297981528228,0,0,-1,1
2024-03-31,W08,P0016,997,18.93008694544852,0,0,-1,1
2024-04-14,W08,P0016,877,16.802840886411506,0,0,-1,1
2024-06-09,W08,P0016,997,26.30760517165114,1,0,-1,1
2025-08-17,W08,P0016,105,25.83900186289804,1,0,-1,1
2024-02-04,W08,P0024,269,26.374235003891595,1,0,-1,1
2024-05-19,W08,P0024,612,28.854061418024,1,0,-1,1
2024-05-26,W08,P0024,937,18.46391281583745,0,0,-1,1
2024-09-01,W08,P0024,50,25.631908751744817,1,1,-1,1
2024-11-17,W08,P0024,813,16.311281010549067,0,0,-1,1
2025-08-24,W08,P0024,876,26.242835809713004,1,0,-1,1
2024-09-22,W08,P0004,32,17.80506059601467,0,1,-1,1
2025-07-20,W08,P0004,244,16.878535045505092,0,0,-1,1
2025-08-24,W08,P0004,397,26.70440606052873,1,0,-1,1
2025-11-09,W08,P0004,998,18.61658341966428,0,0,-1,1
2024-10-20,W08,P0009,82,27.3767949208404,1,1,-1,1
2024-11-24,W08,P0009,284,27.28559203697385,1,0,-1,1
2025-10-05,W08,P0009,546,28.531516581343467,1,0,-1,1
2025-10-19,W08,P0009,723,16.839157493770678,0,0,-1,1
2024-01-21,W08,P0021,79,26.191189822793053,1,1,-1,1
2024-08-25,W08,P0021,258,17.71721510913961,0,0,-1,1
2024-09-08,W08,P0021,196,27.765994911208274,1,0,-1,1
2025-01-12,W08,P0021,365,27.99736434789849,1,0,-1,1
2024-01-28,W09,P0014,64,26.242457541316085,1,1,-1,1
2024-08-18,W09,P0014,969,17.614305786660697,0,0,-1,1
2024-09-15,W09,P0014,78,26.066642177274154,1,1,-1,1
2025-03-23,W09,P0014,593,17.51757160017861,0,0,-1,1
2025-06-01,W09,P0014,211,26.48828267777005,1,0,-1,1
2025-07-13,W09,P0047,523,16.737085035853166,0,0,-1,1
2025-08-03,W09,P0047,887,26.223459504232565,1,0,-1,1
2024-02-11,W09,P0012,123,26.724607390030123,1,0,-1,1
2024-03-24,W09,P0012,36,25.961426880746515,1,1,-1,1
2024-04-21,W09,P0012,991,25.870627401989115,1,0,-1,1
2025-04-20,W09,P0012,425,27.47125812756487,1,0,-1,1
2025-05-04,W09,P0012,4,19.50459820260964,0,1,-1,1
2025-08-03,W09,P0012,568,29.56953906461361,1,0,-1,1
2025-11-16,W09,P0012,208,26.834293907031995,1,0,-1,1
2024-03-03,W09,P0042,816,26.465785721529983,1,0,-1,1
2024-04-21,W09,P0042,33,18.12529771745256,0,1,-1,1
2024-05-19,W09,P0042,148,26.44512319057772,1,0,-1,1
2025-05-25,W09,P0042,12,25.06249747620249,1,1,-1,1
2025-08-03,W09,P0042,1,24.43255653719994,0,1,-1,1
2024-03-24,W09,P0029,535,17.49515558025058,0,0,-1,1
2024-04-28,W09,P0029,473,28.05793138393141,1,0,-1,1
2024-07-07,W09,P0029,76,18.27789439130892,0,1,-1,1
2024-08-18,W09,P0029,682,26.71542772054358,1,0,-1,1
2025-06-15,W09,P0029,474,26.834801485453184,1,0,-1,1
2025-06-22,W09,P0029,848,17.930216669165965,0,0,-1,1
2024-01-14,W09,P0021,856,17.524255403676154,0,0,-1,1
2024-05-26,W09,P0021,603,17.34082699025299,0,0,-1,1
2024-11-10,W09,P0021,151,26.053890173878248,1,0,-1,1
2025-01-26,W09,P0021,558,28.075364633412924,1,0,-1,1
2025-05-11,W09,P0021,19,18.04664875936383,0,1,-1,1
2025-07-20,W09,P0021,385,27.80143000462379,1,0,-1,1
2024-02-18,W09,P0033,463,27.212596263937336,1,0,-1,1
2024-07-14,W09,P0033,371,27.939653568382823,1,0,-1,1
2024-07-28,W09,P0033,80,17.158467187366433,0,1,-1,1
2024-09-15,W09,P0033,52,18.2794723684284,0,1,-1,1
2025-02-09,W09,P0033,467,16.090562410387964,0,0,-1,1
2025-02-16,W09,P0033,105,26.382318838065856,1,0,-1,1
2025-10-19,W09,P0033,724,27.47260772263996,1,0,-1,1
2024-01-07,W09,P0008,205,14.582600208123544,0,0,-1,1
2024-06-30,W09,P0008,13,16.26091115160976,0,1,-1,1
2024-08-25,W09,P0008,945,18.178445531729416,0,0,-1,1
2024-12-01,W09,P0008,613,17.543478087468287,0,0,-1,1
2025-01-26,W09,P0008,903,26.064090191443583,1,0,-1,1
2025-06-22,W09,P0008,229,26.588732523580703,1,0,-1,1
2025-09-07,W09,P0008,905,18.183967679634858,0,0,-1,1
2025-11-16,W09,P0008,38,17.72032894080639,0,1,-1,1
2024-03-17,W09,P0007,244,26.473668086618755,1,0,-1,1
2024-11-17,W09,P0007,317,27.362975918003933,1,0,-1,1
2025-04-20,W09,P0007,573,27.89056723020349,1,0,-1,1
2025-08-31,W09,P0007,124,26.96013550265288,1,0,-1,1
2025-09-07,W09,P0007,192,26.805432340830524,1,0,-1,1
2024-02-04,W09,P0046,399,17.486808047338027,0,0,-1,1
2024-04-21,W09,P0046,583,15.215844730890648,0,0,-1,1
2024-05-05,W09,P0046,31,27.014906867851607,1,1,-1,1
2024-06-02,W09,P0046,48,27.41944272908098,1,1,-1,1
2024-11-10,W09,P0046,264,17.377586858446936,0,0,-1,1
2025-09-28,W09,P0046,294,26.535784491645423,1,0,-1,1
2025-11-02,W09,P0046,643,26.95402341229565,1,0,-1,1
2024-03-10,W09,P0041,302,26.3111671308131,1,0,-1,1
2024-03-17,W09,P0041,237,17.648210447023988,0,0,-1,1
2024-11-17,W09,P0041,807,26.63087664867705,1,0,-1,1
2024-11-24,W09,P0041,906,17.89276415610759,0,0,-1,1
2025-04-27,W09,P0041,989,25.464585763134224,1,0,-1,1
2024-02-04,W09,P0039,953,18.57972810747475,0,0,-1,1
2024-11-03,W09,P0039,71,27.35535903249152,1,1,-1,1
2025-01-05,W09,P0039,13,19.310627929881985,0,1,-1,1
2025-02-16,W09,P0039,18,25.8159825048128,1,1,-1,1
2025-04-27,W09,P0039,572,27.527686540185364,1,0,-1,1
2025-05-18,W09,P0039,529,17.3256763271357,0,0,-1,1
2025-05-25,W09,P0039,511,17.16920214173929,0,0,-1,1
2025-08-17,W09,P0039,211,17.822752608712484,0,0,-1,1
2024-01-28,W09,P0016,865,26.38772032169487,1,0,-1,1
2024-05-12,W09,P0016,671,26.66551034346269,1,0,-1,1
2025-01-12,W09,P0016,81,16.475188603503593,0,1,-1,1
2025-07-06,W09,P0016,615,26.94294109749144,1,0,-1,1
2025-09-07,W09,P0016,474,15.54982912605542,0,0,-1,1
2024-09-08,W09,P0018,57,17.06774913769338,0,1,-1,1
2024-02-04,W09,P0003,963,18.676461904489063,0,0,-1,1
2024-02-18,W09,P0003,540,27.299954204667955,1,0,-1,1
2024-02-25,W09,P0003,509,26.691962082174925,1,0,-1,1
2024-05-12,W09,P0003,108,25.945973186461806,1,0,-1,1
2024-06-16,W09,P0003,575,16.962694769626328,0,0,-1,1
2024-08-18,W09,P0003,106,26.79079937004825,1,0,-1,1
2024-11-03,W09,P0003,778,17.239586997997353,0,0,-1,1
2025-06-29,W09,P0003,848,17.85698518052567,0,0,-1,1
2025-07-20,W09,P0003,39,25.59318579014089,1,1,-1,1
2024-10-27,W09,P0037,569,17.17765429328074,0,0,-1,1
2024-10-27,W09,P0031,862,27.695788180274285,1,0,-1,1
2025-01-05,W09,P0031,954,17.629254634385926,0,0,-1,1
2025-09-28,W09,P0031,991,25.72330442565006,1,0,-1,1
2025-11-02,W09,P0013,228,17.145934062777314,0,0,-1,1
2024-03-24,W09,P0034,67,18.363216925128807,0,1,-1,1
2024-08-18,W09,P0034,396,27.59875814609597,1,0,-1,1
2024-12-15,W09,P0034,468,27.011447197303585,1,0,-1,1
2025-04-06,W09,P0034,992,16.259439628925627,0,0,-1,1
2024-01-14,W10,P0014,875,17.714292951835155,0,0,-1,1
2024-04-07,W10,P0014,486,17.28660045285086,0,0,-1,1
2025-03-16,W10,P0014,295,17.294868861115614,0,0,-1,1
2024-05-05,W10,P0042,334,14.794579699605215,0,0,-1,1
2024-09-29,W10,P0042,938,18.14974347612469,0,0,-1,1
2024-10-27,W10,P0042,917,17.312773237479412,0,0,-1,1
2025-01-05,W10,P0042,968,17.84213828919455,0,0,-1,1
2025-01-12,W10,P0042,544,26.582387479716687,1,0,-1,1
2025-09-07,W10,P0042,409,17.163837601279642,0,0,-1,1
2025-11-23,W10,P0042,476,16.013754400316287,0,0,-1,1
2025-11-30,W10,P0042,2,25.614125639729632,1,1,-1,1
2024-06-30,W10,P0009,869,27.5875741784404,1,0,-1,1
2024-09-08,W10,P0009,18,18.60563242450594,0,1,-1,1
2024-09-29,W10,P0009,227,15.609890342808864,0,0,-1,1
2024-10-13,W10,P0009,97,26.807757551094024,1,1,-1,1
2025-05-18,W10,P0009,980,17.892353519527745,0,0,-1,1
2025-09-07,W10,P0009,892,15.490878756671968,0,0,-1,1
2025-11-09,W10,P0009,698,17.64842850962801,0,0,-1,1
2024-02-18,W10,P0031,418,17.386555845060236,0,0,-1,1
2024-08-04,W10,P0031,971,18.388142200450787,0,0,-1,1
2024-11-03,W10,P0031,239,26.664865787532232,1,0,-1,1
2025-02-16,W10,P0031,437,27.45615204881529,1,0,-1,1
2025-10-19,W10,P0031,13,16.386677870605638,0,1,-1,1
2024-01-28,W10,P0030,105,26.38018611505015,1,0,-1,1
2024-04-07,W10,P0030,751,17.49202869263831,0,0,-1,1
2024-05-26,W10,P0030,607,16.90262435476663,0,0,-1,1
2024-08-18,W10,P0030,386,26.69834965674512,1,0,-1,1
2025-02-02,W10,P0030,251,16.421687285292347,0,0,-1,1
2025-06-01,W10,P0030,402,26.745153603403693,1,0,-1,1
2024-04-28,W10,P0044,959,18.16117320990942,0,0,-1,1
2024-06-30,W10,P0044,306,17.24380023423332,0,0,-1,1
2024-09-08,W10,P0044,489,17.1722903748692,0,0,-1,1
2024-10-13,W10,P0044,416,16.94724589107083,0,0,-1,1
2025-05-18,W10,P0044,912,17.184210004269303,0,0,-1,1
2025-08-17,W10,P0044,515,17.13251567055877,0,0,-1,1
2024-01-21,W10,P0004,970,26.392146244874446,1,0,-1,1
2024-05-26,W10,P0004,888,17.19064963866635,0,0,-1,1
2025-02-16,W10,P0004,891,26.814559140606523,1,0,-1,1
2025-02-23,W10,P0004,35,18.21290849967339,0,1,-1,1
2025-05-04,W10,P0004,942,17.398827450776015,0,0,-1,1
2025-06-22,W10,P0004,767,27.47872892498004,1,0,-1,1
2025-06-29,W10,P0004,940,17.510017475155074,0,0,-1,1
2025-10-26,W10,P0004,86,17.772886937901,0,1,-1,1
2025-11-02,W10,P0004,922,26.166365855508285,1,0,-1,1
2024-05-12,W10,P0008,0,25.6359305719984,1,1,-1,1
2024-10-27,W10,P0008,881,14.119983244075865,0,0,-1,1
2025-09-28,W10,P0008,607,26.38578002528906,1,0,-1,1
2024-01-07,W10,P0003,21,27.904060374642825,1,1,-1,1
2024-06-02,W10,P0003,954,25.654225964211992,1,0,-1,1
2024-11-03,W10,P0003,167,28.68748584510133,1,0,-1,1
2024-11-10,W10,P0003,17,25.73616384580684,1,1,-1,1
2025-03-02,W10,P0003,473,17.591448629649108,0,0,-1,1
2024-03-10,W10,P0010,778,17.629518514716487,0,0,-1,1
2025-01-12,W10,P0010,178,18.1179525487396,0,0,-1,1
2025-02-02,W10,P0010,259,27.213286939145924,1,0,-1,1
2025-03-09,W10,P0010,132,17.88498416937333,0,0,-1,1
2025-08-24,W10,P0010,51,18.642741778658863,0,1,-1,1
2025-10-19,W10,P0010,912,25.998740300843867,1,0,-1,1
2024-03-03,W10,P0037,336,16.427483836603265,0,0,-1,1
2024-10-06,W10,P0037,717,15.900802313181314,0,0,-1,1
2025-02-09,W10,P0037,332,26.48779981006724,1,0,-1,1
2025-09-21,W10,P0037,148,26.326976399711967,1,0,-1,1
2024-01-28,W10,P0038,995,25.076029104964256,1,0,-1,1
2024-11-24,W10,P0038,475,16.738023345722727,0,0,-1,1
2024-03-03,W10,P0047,917,27.110242641784744,1,0,-1,1
2024-04-28,W10,P0047,330,16.619739181282576,0,0,-1,1
2024-06-16,W10,P0047,906,18.067150041702867,0,0,-1,1
2024-10-27,W10,P0047,204,17.948704180312223,0,0,-1,1
2025-02-09,W10,P0047,748,17.764232643955843,0,0,-1,1
2025-04-13,W10,P0047,240,17.70443905217254,0,0,-1,1
2025-09-07,W10,P0047,212,28.4388007457275,1,0,-1,1
2025-11-09,W10,P0047,635,17.242202287874374,0,0,-1,1
2024-02-25,W10,P0033,14,18.46024830092988,0,1,-1,1
2024-05-12,W10,P0033,966,18.2626064380728,0,0,-1,1
2024-06-09,W10,P0033,74,17.300268345869377,0,1,-1,1
2024-07-21,W10,P0033,946,26.096879792319186,1,0,-1,1
2024-08-18,W10,P0033,241,17.766054165739646,0,0,-1,1
2024-12-15,W10,P0033,970,17.98176932523684,0,0,-1,1
2025-05-18,W10,P0033,82,25.95574052184339,1,1,-1,1
2025-09-07,W10,P0033,368,16.667946478840854,0,0,-1,1
2024-05-19,W10,P0027,886,26.89176495960581,1,0,-1,1
2024-10-13,W10,P0027,609,17.267151757515123,0,0,-1,1
2025-02-16,W10,P0027,984,26.769328472489303,1,0,-1,1
2025-07-13,W10,P0027,680,17.237678728523672,0,0,-1,1
2024-06-30,W10,P0023,20,18.48480976707124,0,1,-1,1
2024-08-11,W10,P0023,8,19.19709025289576,0,1,-1,1
2025-03-16,W10,P0023,773,17.324318381122374,0,0,-1,1
2025-11-02,W10,P0023,659,26.49192183852523,1,0,-1,1
2024-01-21,W10,P0015,539,27.090171486099,1,0,-1,1
2024-03-17,W10,P0015,402,17.559151025517668,0,0,-1,1
2024-03-24,W10,P0015,985,19.26130365931784,0,0,-1,1
2024-04-21,W10,P0015,37,18.36813128292359,0,1,-1,1
2024-08-18,W10,P0015,18,18.45073147298627,0,1,-1,1
2025-01-05,W10,P0015,150,16.67189198576358,0,0,-1,1
2025-03-09,W10,P0015,300,17.46973926967344,0,0,-1,1
2025-09-28,W10,P0015,352,17.40265383124577,0,0,-1,1
2025-11-09,W10,P0015,357,16.259539657562744,0,0,-1,1
2024-01-28,W10,P0039,287,16.26042741621295,0,0,-1,1
2024-05-19,W10,P0039,66,27.44108118842325,1,1,-1,1
2024-07-21,W10,P0039,104,26.37138743365674,1,0,-1,1
2025-04-20,W10,P0039,2,24.330156864323577,0,1,-1,1
2025-07-13,W10,P0039,798,26.30360052350844,1,0,-1,1
2024-12-22,W10,P0032,883,17.97566375219924,0,0,-1,1
2025-09-07,W10,P0032,908,27.59295013739608,1,0,-1,1
2025-09-28,W10,P0032,889,18.072047328658787,0,0,-1,1
2025-11-09,W10,P0032,4,24.713824872919925,0,1,-1,1
2024-06-16,W10,P0013,740,16.447890960367253,0,0,-1,1
2024-12-01,W10,P0013,141,27.0250503713552,1,0,-1,1
2025-01-05,W10,P0013,740,17.32965422846079,0,0,-1,1
2025-03-23,W10,P0013,990,18.80037748754277,0,0,-1,1
2025-11-09,W10,P0013,291,17.070557756254473,0,0,-1,1
2025-11-23,W10,P0013,840,27.514175718662,1,0,-1,1
